Ë,Õ,Ä,þ,Ô,Æ,É,Ì
Ë,Õ,Ä,þ,Ô,Æ,É,Ì
Õ,Ð,É,Ì,Ò,ø,Ð,Ð
Õ,Ð,É,Ì,Ò,ø,Ð,Ð
Ã,ñ,É,ú,Ò,ø,Ð,Ð
Ã,ñ,É,ú,Ò,ø,Ð,Ð
Ð,Ë,Ò,µ,Ò,ø,Ð,Ð
Ð,Ë,Ò,µ,Ò,ø,Ð,Ð
¹,ó,Ö,Ý,Ã,©,Ì,¨
¹,ó,Ö,Ý,Ã,©,Ì,¨
Ò,Á,À,û,¹,É,·,Ý
Ò,Á,À,û,¹,É,·,Ý
Æ,Ö,·,¢,Ò,ø,Ð,Ð
Æ,Ö,·,¢,Ò,ø,Ð,Ð
È,ý,Ì,©,µ,ç,×,Ó
È,ý,Ì,©,µ,ç,×,Ó
Ö,Ð,¹,ú,É,ñ,»,ª
Ö,Ð,¹,ú,É,ñ,»,ª
Ë,Õ,Ö,Ý,¸,ß,Ð,Â
Ë,Õ,Ö,Ý,¸,ß,Ð,Â
Ë,Õ,Ä,þ,Ô,Æ,É,Ì
Ë,Õ,Ä,þ,Ô,Æ,É,Ì
Ò,Á,À,û,¹,É,·,Ý
Ò,Á,À,û,¹,É,·,Ý
Í,ò,¿,Æ,A
Í,ò,¿,Æ,A
Õ,Ð,É,Ì,Ò,ø,Ð,Ð
Õ,Ð,É,Ì,Ò,ø,Ð,Ð
À,Ö,Ê,Ó,Í,ø
À,Ö,Ê,Ó,Í,ø
Ð,Ë,Ò,µ,Ò,ø,Ð,Ð
Ð,Ë,Ò,µ,Ò,ø,Ð,Ð
±,È,Ñ,Ç,µ,Ï
±,È,Ñ,Ç,µ,Ï
É,Ï,º,£,¼,Ò,»,¯
É,Ï,º,£,¼,Ò,»,¯
È,ý,Ì,©,µ,ç,×,Ó
È,ý,Ì,©,µ,ç,×,Ó
¹,ó,Ö,Ý,Ã,©,Ì,¨
¹,ó,Ö,Ý,Ã,©,Ì,¨
